{
  "train_loss": [
    214.94627028434508,
    95.2455207824707,
    42.591041411122966,
    25.34076007719963,
    19.9975564172191,
    13.238088097110872,
    11.385506879129718,
    7.635557259282758,
    8.099763548374176,
    6.687838782033612,
    5.461265785463395,
    5.15201368255,
    4.966378130835872,
    4.201549542334772,
    3.8402893735516455,
    3.7063729547685194,
    4.048919483154051,
    3.3494601218931135,
    2.722650538721392,
    2.7163750648498537,
    2.6911975106885357
  ],
  "val_loss": [
    37.02022968639027,
    23.076620159727156,
    13.775896216883805,
    8.038298086686568,
    6.829613425514915,
    6.953976486668442,
    2.4636824781244453,
    2.866068984522964,
    2.427899707447399,
    2.0868108995033032,
    1.5699557210459854,
    1.7311887596592759,
    1.7671570705645012,
    1.879784006060976,
    1.6604026447642932,
    1.6612262220093699,
    1.6630987109559956,
    1.9401255231915098,
    1.6822050376371904,
    2.0035967537851045,
    1.7657807451305967
  ],
  "train_mae": [
    10.802656840965632,
    7.390811375865052,
    5.05281722925363,
    3.9159766354684478,
    3.433295380979055,
    2.930162736221457,
    2.574899796181689,
    2.2344753003138447,
    2.23295714972736,
    2.07039109542365,
    1.86222225892688,
    1.7900293937794143,
    1.6683003070073263,
    1.6137777440189836,
    1.5307975564174534,
    1.4859122111852612,
    1.5320079183145876,
    1.413405205930523,
    1.2598150208547352,
    1.3062678706862272,
    1.2779940228789084
  ],
  "val_mae": [
    4.868103933379506,
    3.802872710268606,
    2.9194004303126624,
    2.238607859634089,
    2.105864810221123,
    2.163211658484105,
    1.2999569188069664,
    1.3704758215921395,
    1.2700928254052997,
    1.1910690005699343,
    0.9901203398952599,
    1.0894099439804752,
    1.0496052663886186,
    1.1108202984500113,
    1.0334622810284297,
    1.0039390617078452,
    1.0067309208891608,
    1.0783790156781448,
    1.0005684003346798,
    1.0763465290585759,
    1.0165658594447782
  ],
  "train_r2": [
    -166.58258596792,
    -73.25804697377593,
    -32.20605094661088,
    -18.756890817895595,
    -14.591069140556503,
    -9.321058443754051,
    -7.876695844963589,
    -4.953052372929953,
    -5.314970235519802,
    -4.21416497855902,
    -3.257868735425368,
    -3.0167608495529823,
    -2.872030297590261,
    -2.2757326686286743,
    -1.99407666839963,
    -1.889668937784811,
    -2.1567348760034646,
    -1.6114022831395367,
    -1.1227109680856882,
    -1.117818336540764,
    -1.0981886812537978
  ],
  "val_r2": [
    -22.656799053505367,
    -13.746504270644289,
    -7.8031226601264745,
    -4.136662003321616,
    -3.3642839146684187,
    -3.4437547004301443,
    -0.5743512264341841,
    -0.83148567795218,
    -0.5514851636959519,
    -0.3335213657667817,
    -0.003238677870846862,
    -0.10627044408470177,
    -0.1292550048537069,
    -0.20122629392101254,
    -0.061036381944212126,
    -0.0615626895461463,
    -0.06275928839924627,
    -0.23978594284725752,
    -0.07496867272571661,
    -0.28034557671019167,
    -0.12837552511605277
  ],
  "train_rmse": [
    14.6610460905923,
    9.759381083435475,
    6.526181234442028,
    5.033960635136305,
    4.4718627312190495,
    3.638418354186839,
    3.3742416732351717,
    2.763251197252915,
    2.8460083448535345,
    2.586085619831368,
    2.336935088659566,
    2.2698047624396196,
    2.2285372034106388,
    2.0497681524533498,
    1.959665620808021,
    1.9251942680828062,
    2.012192701435109,
    1.8301530288787449,
    1.6500456029808848,
    1.6481429128466134,
    1.6404869696108428
  ],
  "val_rmse": [
    6.084425148535633,
    4.803813106632794,
    3.7115895123633145,
    2.8351892735800495,
    2.6133529023747317,
    2.637039292933493,
    1.5696122362265816,
    1.6929468579758793,
    1.558171927647367,
    1.4445798457985746,
    1.2529787218914048,
    1.3157464807830126,
    1.3293445955752825,
    1.3710521599101788,
    1.288566095619165,
    1.2888856407658553,
    1.2896118553941938,
    1.3928838925861942,
    1.2969984774941972,
    1.415484652939517,
    1.3288268385789075
  ]
}